{"format_version":"1.8.0","animations":{"animation.light_sword.first_person":{"loop":true,"bones":{"rightitem":{"rotation":[ 133.46512, 74.78044, -99.35939],"position":[ -15, -6, 7],"scale":0.3}}},"animation.light_sword.third_person":{"loop":true,"bones":{"rightitem":{"rotation":[ 170, 0, 0],"position":[ 0, 12, -9],"scale":0.3}}},"animation.arana_reina.idle":{"loop":true,"animation_length":2,"bones":{"hed":{"rotation":{"0.0":[5,0,0],"1.0":[-12.5,0,0],"2.0":[5,0,0]}}}},"animation.arana_reina.walk":{"loop":true,"animation_length":2,"bones":{"bone7":{"rotation":{"0.0":[0.44067,9.99038,2.53852],"0.5":[-2.61298,9.65594,-15.22074],"1.0":[1.31845,9.91358,7.61435]}},"leg8_sub_2":{"rotation":[0,0,0],"position":[0,0,0],"scale":1},"leg8_sub_4":{"position":[0,0,0]},"body_sub_42":{"position":{"0.0":[-1,0,0],"1.0":[-4,-1,0]}},"bone23":{"rotation":{"0.0":[0,0,0],"0.5":[0,0,-10],"1.0":[0,0,-2.5]}},"bone26":{"rotation":[0,-15,0]},"bone29":{"rotation":{"0.0":[0,0,2.5],"0.5417":[0,0,12.5],"1.0":[0,0,2.5]}},"bone30":{"rotation":[2.56062,-12.48791,-0.55404]},"body_sub_79":{"rotation":[0,0,0]},"bone32":{"rotation":{"0.0":[0,0,2.5],"0.5417":[0,0,12.5],"1.0":[0,0,2.5],"1.4167":[0,18.60818,2.5]}},"le1":{"rotation":[0,0,0]},"bone35":{"rotation":[0,22.5,0]}}},"animation.arana_reina.ns":{"loop":true,"animation_length":1,"bones":{"bone7":{"rotation":{"0.0":[0,0,0],"0.3333":[-24.64859,-5.91068,-40.38433],"0.6667":[-23.42862,21.74327,-4.62806],"1.0":[0,0,0]}},"le6":{"rotation":{"0.0":[-7.38733,1.29876,-32.58385],"0.3333":[13.74582,23.3433,2.73413],"0.6667":[0,0,0],"1.0":[-7.38733,1.29876,-32.58385]}},"le4":{"rotation":{"0.0":[0,0,0],"0.3333":[-30.92288,10.84898,-57.55688],"0.6667":[6.81316,22.93924,3.85739],"1.0":[0,0,0]}},"le2":{"rotation":{"0.0":[-2.19848,11.20305,-54.44515],"0.3333":[-6.38985,34.74025,-6.82295],"0.6667":[0,0,0],"1.0":[-2.19848,11.20305,-54.44515]}},"body4":{"rotation":{"0.0":[4.30916,9.18272,-4.75889],"0.125":[3.08081,2.19088,6.8219],"0.25":[0,0,0],"0.375":[-1.04382,-2.98806,3.58889],"0.5":[-1.56139,-2.31044,-7.37509],"0.625":[-2.30525,-4.14016,-8.66284],"0.75":[-4.3092,-9.1827,4.7589],"0.875":[0.6134,-1.38836,8.94996],"1.0":[4.30916,9.18272,-4.75889]},"position":{"0.0":[2,0,0],"0.125":[-2,0,0],"0.25":[0,0,0],"0.375":[-1,0,0],"0.5":[2,0,0],"0.625":[2.5,0,0],"0.75":[-2,0,0],"0.875":[-3,0,0],"1.0":[2,0,0]}},"bone10":{"rotation":{"0.0":[4.30916,9.18272,-4.75889],"0.125":[3.08081,2.19088,6.8219],"0.25":[0,0,0],"0.375":[-1.04382,-2.98806,3.58889],"0.5":[-1.56139,-2.31044,-7.37509],"0.625":[-2.30525,-4.14016,-8.66284],"0.75":[-4.3092,-9.1827,4.7589],"0.875":[0.6134,-1.38836,8.94996],"1.0":[4.30916,9.18272,-4.75889]}},"hed":{"rotation":{"0.0":[4.30916,9.18272,-4.75889],"0.125":[3.08081,2.19088,6.8219],"0.25":[0,0,0],"0.375":[-1.04382,-2.98806,3.58889],"0.5":[-1.56139,-2.31044,-7.37509],"0.625":[-2.30525,-4.14016,-8.66284],"0.75":[-4.3092,-9.1827,4.7589],"0.875":[0.6134,-1.38836,8.94996],"1.0":[4.30916,9.18272,-4.75889]}},"bone16":{"rotation":[0,0,2.5]},"bone20":{"rotation":[0,0,12.5]},"bone26":{"rotation":{"0.0":[-24.42315,3.83218,41.14785],"0.3333":[-22.55142,-23.34103,4.76786],"0.6667":[0,0,-2.5],"1.0":[-24.42315,3.83218,41.14785]}},"le5":{"rotation":{"0.0":[0,0,0],"0.3333":[-6.83566,-1.51149,31.59028],"0.6667":[7.10886,-17.73104,-6.32777],"1.0":[0,0,0]}},"le3":{"rotation":{"0.0":[-5.32692,9.24634,35.02655],"0.3333":[21.75626,-24.13999,-4.0228],"0.6667":[0,0,0],"1.0":[-5.32692,9.24634,35.02655]}},"le1":{"rotation":{"0.0":[0,0,0],"0.3333":[16.59941,-25.43512,41.29169],"0.6667":[3.47662,-32.18692,10.68917],"1.0":[0,0,0]}}}}}}